{"11": {"12": {"count": 27414, "ratio": 0.9904617385649253}, "32": {"count": 19, "ratio": 0.0006864657851000795}, "24": {"count": 242, "ratio": 0.008743406315485223}, "9": {"count": 1, "ratio": 3.612977816316208e-05}, "7": {"count": 2, "ratio": 7.225955632632416e-05}}, "12": {"13": {"count": 27399, "ratio": 0.9927893325603304}, "11": {"count": 4, "ratio": 0.0001449380389883325}, "10": {"count": 2, "ratio": 7.246901949416625e-05}, "18": {"count": 184, "ratio": 0.006667149793463294}, "9": {"count": 3, "ratio": 0.00010870352924124937}, "4": {"count": 2, "ratio": 7.246901949416625e-05}, "8": {"count": 2, "ratio": 7.246901949416625e-05}, "6": {"count": 1, "ratio": 3.6234509747083125e-05}, "14": {"count": 1, "ratio": 3.6234509747083125e-05}}, "13": {"14": {"count": 27541, "ratio": 0.9939011187297004}, "4": {"count": 1, "ratio": 3.6088054853843375e-05}, "13": {"count": 2, "ratio": 7.217610970768675e-05}, "7": {"count": 8, "ratio": 0.000288704438830747}, "11": {"count": 15, "ratio": 0.0005413208228076507}, "9": {"count": 124, "ratio": 0.004474918801876579}, "10": {"count": 6, "ratio": 0.00021652832912306028}, "1": {"count": 1, "ratio": 3.6088054853843375e-05}, "2": {"count": 4, "ratio": 0.0001443522194153735}, "6": {"count": 4, "ratio": 0.0001443522194153735}, "15": {"count": 1, "ratio": 3.6088054853843375e-05}, "22": {"count": 2, "ratio": 7.217610970768675e-05}, "24": {"count": 1, "ratio": 3.6088054853843375e-05}}, "14": {"9": {"count": 17661, "ratio": 0.6325346513377028}, "1": {"count": 1689, "ratio": 0.06049210271838401}, "10": {"count": 3424, "ratio": 0.12263171089860678}, "11": {"count": 3937, "ratio": 0.14100497833172165}, "6": {"count": 509, "ratio": 0.018230006088607142}, "2": {"count": 433, "ratio": 0.015508040542960495}, "4": {"count": 71, "ratio": 0.0025428888650119983}, "7": {"count": 60, "ratio": 0.002148920167615773}, "14": {"count": 2, "ratio": 7.16306722538591e-05}, "8": {"count": 66, "ratio": 0.0023638121843773505}, "15": {"count": 19, "ratio": 0.0006804913864116614}, "24": {"count": 8, "ratio": 0.0002865226890154364}, "40": {"count": 1, "ratio": 3.581533612692955e-05}, "5": {"count": 1, "ratio": 3.581533612692955e-05}, "22": {"count": 12, "ratio": 0.00042978403352315463}, "30": {"count": 2, "ratio": 7.16306722538591e-05}, "17": {"count": 1, "ratio": 3.581533612692955e-05}, "32": {"count": 7, "ratio": 0.00025070735288850685}, "19": {"count": 5, "ratio": 0.00017907668063464775}, "20": {"count": 8, "ratio": 0.0002865226890154364}, "31": {"count": 1, "ratio": 3.581533612692955e-05}, "13": {"count": 3, "ratio": 0.00010744600838078866}, "43": {"count": 1, "ratio": 3.581533612692955e-05}}, "9": {"10": {"count": 40636, "ratio": 0.6927732410453995}, "11": {"count": 4292, "ratio": 0.07317114751862523}, "9": {"count": 8693, "ratio": 0.14820055577339447}, "1": {"count": 1850, "ratio": 0.031539287723545355}, "7": {"count": 1626, "ratio": 0.027720476669451218}, "2": {"count": 276, "ratio": 0.00470532076308028}, "6": {"count": 995, "ratio": 0.016963022316177096}, "3": {"count": 1, "ratio": 1.7048263634348842e-05}, "4": {"count": 114, "ratio": 0.001943502054315768}, "15": {"count": 25, "ratio": 0.00042620659085872105}, "8": {"count": 86, "ratio": 0.0014661506725540004}, "24": {"count": 8, "ratio": 0.00013638610907479074}, "31": {"count": 1, "ratio": 1.7048263634348842e-05}, "13": {"count": 3, "ratio": 5.114479090304652e-05}, "20": {"count": 18, "ratio": 0.00030686874541827915}, "22": {"count": 10, "ratio": 0.0001704826363434884}, "35": {"count": 1, "ratio": 1.7048263634348842e-05}, "16": {"count": 2, "ratio": 3.4096527268697684e-05}, "19": {"count": 10, "ratio": 0.0001704826363434884}, "28": {"count": 2, "ratio": 3.4096527268697684e-05}, "30": {"count": 4, "ratio": 6.819305453739537e-05}, "32": {"count": 4, "ratio": 6.819305453739537e-05}}, "10": {"10": {"count": 6877, "ratio": 0.1171689980065766}, "11": {"count": 17248, "ratio": 0.2938680932990306}, "9": {"count": 4344, "ratio": 0.07401223314534953}, "1": {"count": 1420, "ratio": 0.02419368578876527}, "32": {"count": 35, "ratio": 0.0005963232412723834}, "15": {"count": 56, "ratio": 0.0009541171860358135}, "4": {"count": 86, "ratio": 0.0014652513928407136}, "17": {"count": 60, "ratio": 0.0010222684136098}, "36": {"count": 2, "ratio": 3.407561378699334e-05}, "8": {"count": 3912, "ratio": 0.06665190056735897}, "7": {"count": 23449, "ratio": 0.3995195338456034}, "2": {"count": 349, "ratio": 0.005946194605830337}, "6": {"count": 722, "ratio": 0.012301296577104595}, "24": {"count": 20, "ratio": 0.0003407561378699334}, "16": {"count": 5, "ratio": 8.518903446748335e-05}, "13": {"count": 2, "ratio": 3.407561378699334e-05}, "20": {"count": 30, "ratio": 0.0005111342068049}, "19": {"count": 45, "ratio": 0.0007667013102073501}, "22": {"count": 18, "ratio": 0.00030668052408294006}, "42": {"count": 5, "ratio": 8.518903446748335e-05}, "30": {"count": 2, "ratio": 3.407561378699334e-05}, "44": {"count": 2, "ratio": 3.407561378699334e-05}, "31": {"count": 2, "ratio": 3.407561378699334e-05}, "34": {"count": 1, "ratio": 1.703780689349667e-05}, "21": {"count": 1, "ratio": 1.703780689349667e-05}}, "1": {"9": {"count": 11607, "ratio": 0.9444263628966639}, "11": {"count": 27, "ratio": 0.002196908055329536}, "2": {"count": 400, "ratio": 0.03254678600488202}, "10": {"count": 135, "ratio": 0.010984540276647681}, "6": {"count": 7, "ratio": 0.0005695687550854353}, "4": {"count": 4, "ratio": 0.00032546786004882016}, "8": {"count": 8, "ratio": 0.0006509357200976403}, "1": {"count": 2, "ratio": 0.00016273393002441008}, "7": {"count": 94, "ratio": 0.007648494711147274}, "17": {"count": 1, "ratio": 8.136696501220504e-05}, "19": {"count": 1, "ratio": 8.136696501220504e-05}, "20": {"count": 4, "ratio": 0.00032546786004882016}}, "32": {"11": {"count": 23, "ratio": 0.3333333333333333}, "13": {"count": 26, "ratio": 0.37681159420289856}, "9": {"count": 10, "ratio": 0.14492753623188406}, "1": {"count": 2, "ratio": 0.028985507246376812}, "15": {"count": 1, "ratio": 0.014492753623188406}, "10": {"count": 2, "ratio": 0.028985507246376812}, "2": {"count": 5, "ratio": 0.07246376811594203}}, "15": {"11": {"count": 34, "ratio": 0.18478260869565216}, "10": {"count": 23, "ratio": 0.125}, "9": {"count": 33, "ratio": 0.1793478260869565}, "1": {"count": 11, "ratio": 0.059782608695652176}, "2": {"count": 60, "ratio": 0.32608695652173914}, "22": {"count": 4, "ratio": 0.021739130434782608}, "7": {"count": 4, "ratio": 0.021739130434782608}, "4": {"count": 1, "ratio": 0.005434782608695652}, "15": {"count": 6, "ratio": 0.03260869565217391}, "8": {"count": 1, "ratio": 0.005434782608695652}, "6": {"count": 1, "ratio": 0.005434782608695652}, "20": {"count": 5, "ratio": 0.02717391304347826}, "40": {"count": 1, "ratio": 0.005434782608695652}}, "2": {"3": {"count": 3965, "ratio": 0.9994958406856567}, "9": {"count": 1, "ratio": 0.00025207965717166626}, "2": {"count": 1, "ratio": 0.00025207965717166626}}, "3": {"10": {"count": 14, "ratio": 0.0035291152004033274}, "4": {"count": 3757, "ratio": 0.9470632719939501}, "6": {"count": 134, "ratio": 0.03377867406100328}, "2": {"count": 7, "ratio": 0.0017645576002016637}, "11": {"count": 24, "ratio": 0.00604991177211999}, "9": {"count": 26, "ratio": 0.0065540710864633225}, "1": {"count": 1, "ratio": 0.00025207965717166626}, "7": {"count": 2, "ratio": 0.0005041593143433325}, "15": {"count": 1, "ratio": 0.00025207965717166626}, "3": {"count": 1, "ratio": 0.00025207965717166626}}, "4": {"5": {"count": 3915, "ratio": 0.6902327221438646}, "11": {"count": 241, "ratio": 0.04248942172073343}, "9": {"count": 226, "ratio": 0.03984485190409027}, "1": {"count": 32, "ratio": 0.005641748942172073}, "10": {"count": 319, "ratio": 0.05624118476727786}, "4": {"count": 6, "ratio": 0.0010578279266572638}, "6": {"count": 906, "ratio": 0.15973201692524683}, "2": {"count": 9, "ratio": 0.0015867418899858955}, "8": {"count": 2, "ratio": 0.0003526093088857546}, "13": {"count": 2, "ratio": 0.0003526093088857546}, "7": {"count": 14,